Brand,Model,City,Price
GMC,Sierra 1500,Vouani,79
Mitsubishi,Outlander,Sumeng,216
Mercedes-Benz,E-Class,Tiarei,99
Saab,9000,Liujia,77
Pontiac,Firefly,Banjar Dauhpangkung,172
Cadillac,Fleetwood,Al Fukhkhārī,23
Buick,Reatta,Åtvidaberg,214
Pontiac,Firebird,Chino,62
Lexus,GS,Khalopyenichy,208
Ford,Ranger,Pyhäntä,241
Saab,900,Rafaela,69
Chevrolet,Express,Batarasa,52
Aston Martin,V8 Vantage,Sult,42
Lincoln,Town Car,Lushan,189
Dodge,Charger,Zamość,130
Subaru,Leone,Lile,145
Hyundai,HED-5,Bahe,19
Audi,A4,Črenšovci,211
Mazda,B-Series,Tovačov,87
Dodge,Stratus,Cimo de Vila,169
Lexus,HS,Triesenberg,92
Mercedes-Benz,CL-Class,Shixiang,92
Acura,NSX,Yelets,166
Ford,Contour,Colonia Minga Porá,204
Infiniti,J,Blagoveshchensk,236
Mercedes-Benz,S-Class,Pensacola,15
Toyota,Tacoma,Kokofata,223
Mitsubishi,Tredia,Dallas,187
Ford,Excursion,Wołomin,128
BMW,X3,Lingsar,26
Ford,Explorer Sport Trac,Nowa Sól,178
Mazda,Miata MX-5,Limín Khersonísou,130
Ford,ZX2,Iława,45
Mercedes-Benz,SL-Class,San Marcos,238
Ford,Fusion,Letlhakeng,178
Maybach,62,Aimin,59
Chrysler,PT Cruiser,Kalamáta,61
Mazda,Mazda6,Linares,51
Chrysler,PT Cruiser,Elverum,140
Toyota,Corolla,Kavieng,165
Volkswagen,Cabriolet,San Nicolás de los Arroyos,225
Subaru,Legacy,Xinhuang,153
Volkswagen,Touareg,Río Grande,118
Toyota,Ipsum,Kallíthiron,57
GMC,Savana 3500,Wilków,27
Jeep,Cherokee,Wielbark,125
Ford,Econoline E150,Ash Shuyūkh,62
Hyundai,Elantra,Castañas,128
Ford,F450,Tutul,159
Mitsubishi,Lancer Evolution,Purworejo,227
GMC,Sierra 2500,Tetovo,86
Ford,Courier,Jinxiu,82
Acura,NSX,Ilha de Moçambique,137
Lexus,ES,Lanling,233
Acura,SLX,Petropavlivka,134
Toyota,T100,Jiudian,85
Toyota,Ipsum,Slavkov u Brna,177
Nissan,Frontier,Pavlogradka,120
Lotus,Esprit,San Jacinto,173
Mazda,B-Series,Cicurug,229
Kia,Optima,Malaga,215
Toyota,Camry Solara,Replot,248
BMW,3 Series,Veiros,141
Lotus,Evora,Simapu,83
Volkswagen,GTI,Ripky,30
Volkswagen,Jetta,Huangbei,20
Volkswagen,Golf III,Nowy Sącz,201
BMW,X5,Dłutów,135
Mercedes-Benz,E-Class,Ngurensiti,182
Chevrolet,Lumina,Antioquia,136
Lexus,LX,Iturama,38
Honda,Pilot,Livádion,124
Mercedes-Benz,C-Class,Lushan,58
Volkswagen,Jetta,Viana do Alentejo,138
Saturn,L-Series,Sikur,25
Volkswagen,Routan,Stockholm,95
Toyota,Sequoia,Nila Dua,67
Lexus,GS,Tambakmerak,183
Smart,Fortwo,Luna,209
Saturn,L-Series,Klagen,235
Saturn,S-Series,Juyuan,178
Bentley,Continental GTC,Ożarowice,85
GMC,Suburban 2500,Roudnice nad Labem,93
Chrysler,Prowler,Araçuaí,47
Dodge,Ram Van 2500,Błonie,211
Pontiac,LeMans,Nong Phai,48
Mercedes-Benz,SLS-Class,Várzea,178
Dodge,Caravan,Skotoússa,219
Pontiac,Bonneville,Oklahoma City,148
Audi,V8,Ghanzi,134
Volkswagen,Golf,Yunfu,123
Mazda,Mazda5,Valencia,192
Chevrolet,Camaro,Salem,121
Ford,Transit Connect,Samborondón,188
Mercury,Sable,Dingcheng,97
Mercedes-Benz,M-Class,Nanhe,63
Subaru,Legacy,Curiapo,39
Bentley,Continental GTC,Bagay,17
Dodge,Nitro,Magdug,46
Cadillac,DeVille,Tvarožná,28
Pontiac,Fiero,Quebrada Canoa,79
Volkswagen,Vanagon,Oullins,210
Kia,Forte,Malahide,117
Chevrolet,Suburban 1500,Houston,63
GMC,2500 Club Coupe,Odintsovo,86
Mazda,Mazda5,Fengyuan,155
GMC,Envoy,Radiměř,247
Hyundai,Veracruz,Biritiba Mirim,82
Dodge,Ram 2500,Sherpur,121
Chevrolet,Express 3500,Ubon Ratchathani,241
Mercedes-Benz,CLK-Class,Ulster Spring,23
Buick,LaCrosse,Suzaka,210
Suzuki,Equator,Berlin,198
Geo,Metro,Javhlant,85
Ford,Laser,Xushan,215
Maserati,228,Mętków,185
Porsche,911,Burhānuddin,34
Mercedes-Benz,G-Class,Władysławowo,111
Pontiac,Firebird,Novo Hamburgo,106
Buick,Skylark,Qinglin,203
Mercedes-Benz,SL-Class,Prapen,234
Dodge,D150,Boroko,93
Aston Martin,DBS,Villa Bustos,128
Mitsubishi,Montero Sport,Hudson Bay,54
Cadillac,STS,Varnsdorf,116
Porsche,928,Guocun,250
Ford,Ranger,Dayushu,130
Hyundai,Tucson,Podwilk,228
Audi,S4,Hamilton,73
Lexus,IS-F,Khorixas,117
Toyota,Tacoma,Lenger,88
Nissan,Pathfinder,Pailitas,153
Mercedes-Benz,SL65 AMG,Lubei,210
Saturn,VUE,Lipci,236
Pontiac,Grand Prix,Būsh,95
GMC,Savana 1500,La Jutosa,83
Infiniti,I,Cabano,76
Dodge,Caliber,Shanjiang,91
BMW,5 Series,Bamban,143
Chevrolet,Cobalt,Maiac,207
Subaru,Outback,Rizal,177
Acura,TL,Hanban,101
Honda,CR-V,Tibati,129
BMW,M3,Tullyallen,200
Infiniti,G37,Nîmes,92
Honda,Odyssey,Gilowice,233
Ford,Explorer Sport Trac,Bongued,44
Ford,Edge,Penza,159
Pontiac,LeMans,Birsa,164
Pontiac,Grand Am,Bantay,104
Volkswagen,Golf,Zbarazh,39
Chevrolet,Blazer,Baylo,135
Ford,Econoline E250,Banag,18
Volkswagen,GTI,Pasirbatang,222
Hyundai,Sonata,Lyon,46
Suzuki,Grand Vitara,Longvic,221
Ford,Explorer,Xiangshan,95
Mitsubishi,Lancer,Shanting,209
Saturn,L-Series,Mahuta,191
Toyota,4Runner,Xiyang,55
Suzuki,Swift,Zagórze,95
Ford,LTD Crown Victoria,Yanbei,187
Pontiac,Sunbird,Bieliny,250
Spyker,C8 Laviolette,Guayabo Dulce,45
GMC,Yukon,Nangabere,211
Honda,Civic,Gualeguay,197
Toyota,Tacoma,Miguel Calmon,151
Oldsmobile,88,Hengfan,141
Audi,80,Kolomyagi,189
Plymouth,Sundance,Henglishan,59
Mitsubishi,Eclipse,Tigaherang,163
Mitsubishi,Lancer Evolution,Karasgede,192
Ford,Explorer,Langqi,208
Chrysler,PT Cruiser,Tanjungpecinan Utara,224
Hyundai,Veracruz,Galis,44
Infiniti,Q,Tarīm,94
Pontiac,Bonneville,Belköl,182
Lincoln,Continental Mark VII,Kuantan,90
Mitsubishi,Truck,Plagiári,248
Mazda,MPV,Zhuji,194
Lexus,RX,Wuyang,213
Ford,Explorer,Chidian,40
Cadillac,XLR,Souillac,106
Ford,F350,Prévost,198
BMW,M5,Žihle,165
Lexus,GS,Zhaobaoshan,120
GMC,Sonoma Club Coupe,Markog,87
Subaru,Forester,Neftegorsk,223
Subaru,Forester,Massy,43
Lamborghini,Murciélago,Valença do Piauí,179
Infiniti,G37,Działoszyce,218
Chrysler,Town & Country,Ranisoba,202
Ford,Escort,Casselman,120
Nissan,Pathfinder,Pátmos,204
MINI,Cooper,Santi Suk,150
Mazda,Mazda6,Huangbizhuang,234
Ford,Explorer Sport Trac,Shijing,63
Dodge,Caravan,Huaqiao,245
Mercedes-Benz,E-Class,Sonzacate,105
Suzuki,SX4,Duhu,208
Lincoln,MKS,Estela,188
Buick,Park Avenue,Vaiusu,161
Mitsubishi,Mirage,Turenki,187
Mercedes-Benz,CLK-Class,Santa Rita,216
Chevrolet,Corvette,Khuma,154
Ford,Taurus,Luzern,118
Dodge,Dakota Club,Stockholm,132
GMC,3500 Club Coupe,Kinh Môn,194
Mitsubishi,Galant,Abashiri,47
Pontiac,Grand Am,Bakadagy,213
Mercedes-Benz,C-Class,Margos,111
Audi,Q7,Old Harbour Bay,147
Mercedes-Benz,SL-Class,Hongkeli,72
Buick,Park Avenue,Donglu,227
Citroën,SM,Bayan,123
Acura,CL,Dazhipo,179
Subaru,Legacy,Springfield,232
Chevrolet,Cobalt,Ševica,21
Audi,A3,Purranque,202
Hyundai,Elantra,Jiubao,82
Toyota,Tundra,Wewoloe,118
Isuzu,i-350,Havana,246
Jeep,Wrangler,Kuçovë,146
Toyota,Echo,Berlin,47
Volkswagen,Passat,København,213
Kia,Spectra,Pereira,21
Acura,TSX,Blagoveshchenka,54
Mercedes-Benz,GLK-Class,Francisco Sarabia,94
Acura,Legend,Paraguarí,102
Dodge,Caliber,Sanhe,171
Ford,Aerostar,Dmytrivka,49
Buick,Skyhawk,Castilla,124
Nissan,Sentra,Ngaruawahia,73
Volkswagen,Fox,Qiulu,141
Buick,Riviera,Yagoua,116
Subaru,B9 Tribeca,Zhengdonglu,30
Hyundai,Elantra,Sinisian,186
Mercedes-Benz,S-Class,Dayton,248
Chevrolet,Suburban 2500,Bakung Utara,65
Jaguar,XK Series,Hamburg,67
Spyker,C8,Zaysan,169
Ford,Aspire,Haghartsin,41
Buick,Skylark,Baiheshan,125
Nissan,Altima,Dongming Chengguanzhen,154
Mitsubishi,Tredia,Baitu,23
Chevrolet,G-Series G10,Vilar,136
Lexus,GX,San José de Bocay,114
Dodge,Charger,Trakai,180
GMC,Sierra 2500,Xintang,20
Mercedes-Benz,CL-Class,Juhaynah,166
Lamborghini,Countach,Bicas,192
Chevrolet,Monte Carlo,Yafan,222
Isuzu,Ascender,Diébougou,117
Porsche,Boxster,Demyansk,131
Toyota,Previa,Sabae,61
Pontiac,Solstice,Kakuda,135
Cadillac,Escalade ESV,Platagata,206
Hyundai,Tiburon,Phu Kradueng,58
Buick,Regal,Venustiano Carranza,147
Buick,Century,Kotlovka,167
GMC,Yukon,Malasiqui,97
Oldsmobile,Alero,Kadupinang,192
Kia,Sephia,Iraray,48
Mitsubishi,Chariot,Kotuń,180
Mazda,Miata MX-5,Pag,40
GMC,Sierra 3500,Liuxiang,234
Chevrolet,Express 1500,Noginsk,65
Dodge,Ram Van 3500,Dayangqi,138
Bentley,Continental GTC,Dikirnis,247
Chevrolet,Camaro,Venustiano Carranza,198
Chevrolet,Express,Prakhon Chai,71
Kia,Sorento,Bandar-e Māhshahr,248
Chevrolet,Cobalt,Venilale,62
Mitsubishi,Eclipse,Kantemirovka,159
Suzuki,Esteem,Celeirós,106
Ram,Dakota,Runjin,247
Land Rover,LR3,Itatinga,233
Chevrolet,G-Series G30,Colonia Elía,248
Buick,Skylark,Udënisht,240
Toyota,Avalon,Madang,193
Ford,Tempo,Zimmi,182
Buick,LaCrosse,Vetluga,65
Mazda,MX-5,Hisai,149
Porsche,Cayman,Pujijie,188
Volvo,960,Tarrafal,189
Volkswagen,Golf,Berkovitsa,48
Mitsubishi,Challenger,Pakis,83
Toyota,Highlander,Duyanggang,80
GMC,Vandura 2500,Wololele A,133
Dodge,Colt,Akure,131
BMW,3 Series,Tais,172
Jaguar,XK Series,Luoluopu,141
Ford,LTD Crown Victoria,Stockholm,169
Dodge,Ram 1500,Goianésia,49
Toyota,Supra,Penha,43
Infiniti,QX56,Changgang,119
Lincoln,MKT,Saari,127
Kia,Rio,Damai,153
Chevrolet,Cobalt SS,Sampués,149
Chrysler,PT Cruiser,Germiston,59
Toyota,Venza,Wichita,81
Hyundai,Accent,Moxi,130
Honda,del Sol,Sibulan,64
Audi,RS6,Khārān,154
Chrysler,PT Cruiser,Haliut,136
Mercedes-Benz,S-Class,Munduk,198
Chevrolet,Corvette,Ajax,74
Pontiac,Sunbird,São Francisco,33
Hyundai,Entourage,Mardzad,110
GMC,1500 Club Coupe,Mahébourg,122
BMW,5 Series,Koz’modem’yansk,122
Maserati,Spyder,Dobryanka,215
Toyota,4Runner,North Saanich,176
Ford,Fusion,Svyetlahorsk,116
Lincoln,Navigator,Guintubhan,120
Mercedes-Benz,SL65 AMG,Katoro,175
Dodge,Ram Van 3500,Masipi West,150
Porsche,914,Sanshilipu,24
Mercury,Mountaineer,Cachoeiras de Macacu,203
Pontiac,Firebird,Kaliska,15
Ford,Contour,São Roque,196
Volkswagen,R32,Shuangqiao,130
BMW,3 Series,Penalva de Alva,229
Mazda,MX-5,Pruszcz,54
BMW,530,Kvasy,224
Nissan,Maxima,Zheleznogorsk-Ilimskiy,82
Ford,Mustang,Aasiaat,237
Lamborghini,Gallardo,Kyela,184
Mitsubishi,Truck,Suzano,240
Chevrolet,Corvette,Krasnotur’insk,208
Chevrolet,Astro,Arcos,70
Buick,LeSabre,Batasan,21
Ford,F250,Casma,96
BMW,Z8,Benoy,133
BMW,3 Series,Shuitou,154
Chevrolet,Malibu,Néa Flogitá,136
Audi,Allroad,Vicente Guerrero,28
Volkswagen,Eurovan,Montpellier,126
Nissan,Xterra,Araçoiaba da Serra,57
Jeep,Wrangler,Szombathely,28
Volkswagen,Golf,Tanzybey,29
Infiniti,Q,Koz’modem’yansk,61
Honda,Civic GX,Twardogóra,212
Chrysler,300,Portelinha,169
Mitsubishi,Lancer Evolution,Shouxihu,98
Lexus,GS,Weekaka,32
Buick,Century,Jamaica,64
Pontiac,Grand Am,Bezhta,53
Mitsubishi,Pajero,Fengshuling,158
Chevrolet,Silverado 2500,Xumai,235
Acura,NSX,Koudougou,175
Chevrolet,1500,Beijiang,225
Volkswagen,R32,Carrières-sur-Seine,189
Volkswagen,Fox,Três Lagoas,93
Ford,E150,Banraeaba Village,225
Volvo,S60,Sundbyberg,206
Hyundai,Sonata,Huji,176
Volkswagen,Phaeton,Xinzhai,21
GMC,Safari,Lyon,165
Dodge,Ram 2500 Club,Belén,140
Volkswagen,rio,Issoudun,233
Infiniti,Q,Binlod,181
Ford,Explorer Sport Trac,Yuzui,150
BMW,325,Velyki Mezhyrichi,204
Mercedes-Benz,C-Class,Zakroczym,150
Honda,Accord,Paris 18,29
Ford,F-Series Super Duty,Zolotkovo,153
Ford,Ranger,Lipka,183
Mercedes-Benz,SLS AMG,Bang Ban,45
Audi,A4,Tupã,148
Ford,Tempo,Dean,221
Pontiac,Montana,Sinchao,123
Mazda,B-Series,Montecarlo,54
Ford,Galaxie,Limulan,112
Ferrari,430 Scuderia,Fucheng,246
Lexus,GS,San Jose,100
Mazda,CX-7,Nanqi,100
Honda,Pilot,Hotonj,55
BMW,530,Rybinsk,76
Chevrolet,Astro,Cangchang,116
Volkswagen,Eos,Yuankeng,174
GMC,Sierra 1500,Wenshang,91
Lexus,RX Hybrid,Yirga ‘Alem,17
Volkswagen,Golf,Tambo,62
Lexus,RX Hybrid,Liski,35
Mitsubishi,Outlander,Samut Songkhram,222
Mazda,626,Vale Flores,101
GMC,1500 Club Coupe,Kokemäki,211
Mitsubishi,Galant,Gantang,244
Lexus,SC,Santander,228
Chevrolet,Suburban 1500,Ippy,174
Dodge,Nitro,Rumenka,148
Mitsubishi,Pajero,Wuqiao,141
Dodge,Ram 2500,Caoxi,66
Buick,LeSabre,Dopang,149
Dodge,Neon,Rongxi,65
Jaguar,XK Series,Rungis,58
Nissan,NV2500,Sampacho,22
BMW,8 Series,Essen,195
Ford,Explorer,Castelões,143
Aston Martin,V8 Vantage,Bīleh Savār,133
Mazda,Mazdaspeed6,Mnichovo Hradiště,91
Mazda,Protege,Los Dos Caminos,74
Mercury,Cougar,Mora,163
Toyota,TundraMax,Barra Cheia,240
Suzuki,Sidekick,Longjumeau,64
Mitsubishi,Lancer Evolution,Sanjiang,225
Mazda,626,Mansôa,92
Chevrolet,Silverado 3500,Knyszyn,35
MINI,Cooper Countryman,Novozavidovskiy,57
Mercedes-Benz,S-Class,Paris La Défense,236
Chevrolet,Astro,Miguel Calmon,94
Ford,Escort,Sorol,178
Land Rover,Discovery,Kachia,123
Dodge,Stratus,Talalora,166
Honda,Prelude,Yangxi,138
BMW,M3,Licupis,18
Nissan,JUKE,Tuofeng,125
Mercury,Tracer,Taphan Hin,48
Pontiac,Trans Sport,Ayía Triás,140
Dodge,Charger,Saint-Étienne,48
Chevrolet,Corvette,Aleksandrovka,167
Volkswagen,Rabbit,Sauce,246
Mazda,Protege,Jermenovci,66
Morgan,Aero 8,Huzhen,188
Honda,CR-X,Zangkaxa,77
Ford,F150,Petrovsk,173
Ram,2500,Macaé,200
Chevrolet,Blazer,Aḑ Ḑil‘,68
Mazda,Mazda6,Dodola,76
Land Rover,Freelander,Shihui,229
Toyota,4Runner,Maclear,105
Buick,Regal,Nanuque,196
Lincoln,Navigator,Sahavato,132
Suzuki,Swift,Markaz-e Ḩukūmat-e Darwēshān,169
Isuzu,Amigo,Fryanovo,166
Oldsmobile,Cutlass Supreme,Chisec,231
Mazda,MX-5,Gaojiazhuang,143
Mitsubishi,Montero,Koch'ang,132
Audi,A4,Malusac,112
Ford,F150,Āsmār,216
Toyota,Matrix,Zheleznogorsk,250
Lotus,Esprit,Mayskiy,177
Chevrolet,TrailBlazer,Huicheng,134
Hyundai,Veracruz,Paya Dapur,124
Toyota,Avalon,Fuxing,239
Buick,Century,Frei Paulo,64
GMC,1500 Club Coupe,Novyy Karachay,43
Chevrolet,Cavalier,Forestville,209
Dodge,Ram 3500 Club,Rulong,189
Toyota,Tercel,Punsu,161
Volkswagen,GTI,Bollnäs,17
Mazda,Mazda3,Tubalan,87
Dodge,Caravan,Kohlu,144
Honda,Pilot,Luoping,189
Ford,Mustang,Taiping,15
Toyota,RAV4,Pandaan,17
Suzuki,Grand Vitara,Nang Rong,141
Nissan,JUKE,Dabachang,132
Eagle,Talon,Araruama,174
Ford,Ranger,Baisha,24
GMC,2500 Club Coupe,Kabulusan,26
Kia,Sedona,Enniskerry,246
Bentley,Azure T,Vale Mourão,86
Bentley,Continental,Gubu,33
Mercedes-Benz,E-Class,Longlou,199
MINI,MINI,Taihe Chengguanzhen,169
Lincoln,Continental,Dongchuan,233
Infiniti,M,Utrecht,220
Cadillac,XLR,Cabo de Vila,239
Lamborghini,Murciélago,Alvalade,244
Honda,Accord,Abóboda,142
Volvo,XC90,Chimanimani,24
Land Rover,Freelander,Owase,134
Geo,Metro,Zhubei,26
Cadillac,Seville,Yarīm,151
Mazda,GLC,Rio Preto da Eva,58
Ford,Club Wagon,Gaofeng,116
Porsche,968,Ceuta,55
GMC,Sonoma Club,Banana Village,248
Subaru,Forester,Gustavsberg,96
Nissan,Cube,Al Manāqil,199
Nissan,Murano,Nanxiang,148
Isuzu,Trooper,Narimanov,125
Chevrolet,Astro,Guam Government House,19
Rolls-Royce,Ghost,Arroio Grande,131
Volvo,S60,Sidi Smaïl,27
Aston Martin,V8 Vantage S,Montería,220
Kia,Amanti,Lāmerd,191
Ford,Thunderbird,Nagarakembang,81
BMW,7 Series,Lumatil,122
GMC,2500 Club Coupe,Jiyang,59
Pontiac,Trans Sport,Kosmach,170
Hummer,H1,Siaya,130
Mitsubishi,Chariot,Kamenica,206
Volkswagen,Eos,Il’ya,94
Ford,Econoline E350,Sukarama,227
BMW,7 Series,Oyam,116
Mitsubishi,Montero Sport,Hecheng,228
Ford,Ranger,Bantal,194
GMC,Savana 1500,Xichang,238
Subaru,Forester,Gongchang,139
Jeep,Liberty,Duisburg,203
Toyota,Yaris,Cravinhos,111
Honda,CR-Z,Santo Domingo,218
Ford,Escort,Legen,145
Ford,Torino,Zelenchukskaya,149
Cadillac,SRX,Tuntum,53
Toyota,Tacoma,Bom Conselho,28
Smart,Fortwo,Neringa,219
Ford,Courier,Fada,43
Ford,Escape,Kifrī,15
Mazda,RX-8,Lengji,136
Eagle,Premier,Daliuhao,162
Chevrolet,Suburban 1500,San Antonio,31
Honda,Accord,Bajos de Haina,104
Pontiac,Grand Am,Barusuda,57
Mazda,MPV,Gaotang,32
Spyker,C8 Double 12 S,Santa Cruz,202
Toyota,Corolla,Bogra,216
Audi,80,Gununglajang,50
Chevrolet,Metro,Heiheba,167
Mazda,GLC,Krzemienica,162
Honda,CR-V,Gozdnica,128
Ford,Ranger,Mount Pearl,128
BMW,3 Series,Salogon,233
Chevrolet,Cavalier,Bururi,246
Mitsubishi,Galant,Perfilovo,188
Toyota,T100,Paico,114
Dodge,Neon,Basco,20
Dodge,Avenger,Zinat,101
Volkswagen,Cabriolet,Gaya,60
GMC,Rally Wagon G2500,Khairpur,117
Mercedes-Benz,CLK-Class,Katsina-Ala,45
Volkswagen,Golf,Vårby,20
Chevrolet,Express 2500,Santa Rita do Passa Quatro,77
GMC,Yukon Denali,Budapest,98
Lexus,IS F,El Regalo,83
Audi,A6,Benghazi,54
Oldsmobile,Achieva,Köping,29
Lincoln,Continental,Plei Kần,155
Saturn,Ion,Ndano,153
Volvo,XC70,Letlhakane,124
Volkswagen,Passat,Vacoas,81
Mazda,RX-7,Béboto,168
Ford,Expedition EL,Middleton,205
Subaru,Impreza,Gizałki,60
Saturn,Ion,São Roque,31
Ford,E250,Chernomorskiy,65
Ford,Crown Victoria,Göteborg,156
Buick,LaCrosse,Santo Domingo,245
BMW,M5,Orlovskiy,156
Toyota,Cressida,Pengilon,138
Volkswagen,Tiguan,Goričan,104
Buick,LeSabre,Bauan,118
Land Rover,Range Rover,Armenta,118
Toyota,MR2,Saño,50
Toyota,Avalon,Kanie,183
Land Rover,Discovery Series II,El Carmen de Bolívar,156
Nissan,Sentra,Atafu Village,42
Saab,900,Vigo,40
Mercedes-Benz,SL-Class,Muzhou,245
Honda,Odyssey,Hedong,183
Mercury,Sable,Zea,133
Audi,4000s Quattro,Zakupne,59
Pontiac,Turbo Firefly,Rubio,214
BMW,X5 M,Guojiaba,131
Lamborghini,Gallardo,Nuwaybi‘a,197
Volkswagen,Eos,Pantai,196
Saab,9000,Tunggulsari,241
Toyota,MR2,Habana del Este,71
Subaru,Legacy,Xinqiaohe,181
Pontiac,Gemini,Yunxi,58
Audi,Allroad,Citeureup,202
Audi,80,Montpellier,178
Toyota,Corolla,Yijiang,28
Lexus,GS,Pamoyanan,213
GMC,Sonoma Club Coupe,Nagano-shi,148
Toyota,Tercel,Santa Cecilia,63
Bentley,Continental GTC,Mengeš,227
Mercedes-Benz,CLK-Class,Debrecen,219
Subaru,Legacy,Mandaguari,119
Ford,F350,Piritiba,33
Volvo,S40,Paamiut,76
Porsche,968,San Sebastian,95
Chevrolet,Express 3500,Vilca,228
Toyota,Land Cruiser,Sumbergayam,85
Pontiac,Firebird,Raszczyce,34
Kia,Sedona,Banjar Tengahbelayu,157
Porsche,Cayman,Lingion,214
Lexus,IS,Yiyang,48
Acura,CL,Faya-Largeau,21
Ford,Mustang,Hengshui,218
GMC,Yukon,Masoli,22
BMW,5 Series,Darenzhuang,205
Volkswagen,Cabriolet,Xihanling,46
Ford,Focus,Lingcheng,153
Chevrolet,Cavalier,Kurihashi,67
Ford,Excursion,Venda Nova,50
Mazda,Miata MX-5,Bryukhovetskaya,245
Ford,Tempo,Sandovo,204
Cadillac,STS,San Cosme y Damián,158
Lamborghini,Reventón,Medeiros Neto,197
Porsche,911,Wisła,247
Chevrolet,Silverado 1500,Gandra,43
Volkswagen,Corrado,Itajubá,121
Ford,Explorer,Krahës,244
Land Rover,Discovery,Ciawitali,250
Volkswagen,Eurovan,Ayapel,84
Lexus,GX,Néa Tríglia,178
Kia,Sorento,Floresta,249
Chevrolet,Camaro,Boguszów-Gorce,152
Ford,Transit Connect,Gävle,31
GMC,Canyon,Perniö,143
Volkswagen,Passat,Chahe,44
Honda,S2000,Dawang,223
Ford,Probe,Shuikou,40
Mitsubishi,Galant,Rislane,94
Chevrolet,Prizm,Kuripan,188
Dodge,Avenger,Polo,113
Land Rover,Range Rover,Leye,59
Acura,RSX,El Coco,177
Audi,100,San Andres,217
Saturn,S-Series,Lixi,233
Acura,NSX,Ciego de Ávila,241
GMC,Sierra,København,174
Volkswagen,Quantum,Yangcun,236
Cadillac,DeVille,Rāipur,64
BMW,5 Series,Iwamizawa,51
Mercury,Cougar,Pechersk,65
Dodge,Ram Van B250,Dallas,207
Mitsubishi,Mirage,Göteborg,62
Audi,200,Kotabunan,77
Jeep,Wrangler,Mosopa,114
Dodge,Neon,Mafeteng,222
Chevrolet,Vega,Sebadelhe,110
Chevrolet,Caprice,Shitouhe,174
Mercedes-Benz,M-Class,Shuangqiao,66
Ford,E150,Nuevo Chamelecón,97
Mercedes-Benz,SL-Class,Shuihu,249
Mazda,CX-9,Ngarus,126
Pontiac,Sunfire,Nandu,49
Audi,Coupe Quattro,Miaotang,101
Plymouth,Breeze,Baoziba,120
Chevrolet,Express,Coxim,230
Toyota,Celica,Kario,103
Scion,xB,Portel,142
GMC,Acadia,Semanding,189
Ford,Excursion,Luzhou,93
Land Rover,Range Rover,Jiuting,112
Buick,Verano,Paris 17,162
Suzuki,Swift,Semarang,88
Maybach,62,Sheffield,184
Lincoln,LS,Kesambilerenkrajan,67
Nissan,Maxima,Quinjalca,59
Jaguar,XJ Series,Songhe,126
Mitsubishi,GTO,Citeguh,104
Jeep,Wrangler,Barão de Cocais,133
Dodge,Durango,Ximapo,161
Ford,Th!nk,Aknoul,191
Chevrolet,G-Series G10,Lukićevo,33
Saturn,Relay,Donggang,31
Land Rover,LR4,Guangming,45
Mercury,Cougar,Karanganyar,20
Toyota,Yaris,Luoqi,28
Chevrolet,Corvette,Infantas,82
Dodge,Caliber,Satinka,114
Lincoln,Navigator,Shibushi,205
Chrysler,Concorde,Sendangagung,107
BMW,Z4,Yakutsk,41
Buick,Skyhawk,Chuhuyiv,116
GMC,Vandura 3500,Nusajaya,94
Plymouth,Sundance,Chipyela,149
Nissan,Titan,Loyew,208
Buick,Enclave,Sertolovo,137
Bentley,Continental,Nanxi,99
Mercury,Villager,Puerto Santander,160
Chevrolet,Express 2500,Dededo Village,49
Ford,Explorer,Jiquinlaca,52
Lamborghini,Gallardo,Rio de Janeiro,39
Dodge,Caravan,Picassinos,71
Audi,A6,Kungsbacka,68
Kia,Sephia,Peixing,64
Ford,E-Series,Oslo,32
Pontiac,Aztek,Kadoma,134
Isuzu,Rodeo Sport,Xianghu,76
Mazda,MX-5,Touying,227
Dodge,Ram Van 1500,Clifden,227
BMW,X3,Güira de Melena,240
Volkswagen,Jetta,Jinggongqiao,56
Hyundai,Azera,Ulaanbaatar,203
Volvo,XC70,Bitin,47
Buick,Lucerne,Bugis,197
Nissan,Armada,Bosanski Brod,39
Volvo,S80,Vesoul,192
Volkswagen,Golf,Carrefour,140
Buick,Roadmaster,Zushi,198
Volkswagen,New Beetle,Jinhaihu,42
Ford,Festiva,Nanyang,165
Chevrolet,Corvette,Wirral,73
GMC,Sierra 3500,Dehī,28
Saturn,L-Series,Algarvia,163
Isuzu,Hombre,San Nicolas,179
Toyota,TundraMax,Thorpe,141
Mazda,323,Costeira do Pirajubae,135
Lotus,Evora,Bakung,95
Mitsubishi,Pajero,Mollebamba,193
Audi,Q7,Cipinang,51
Land Rover,Range Rover,Berezivka,120
Hyundai,Sonata,Saint-Quentin,243
Ford,Thunderbird,Paritjunus,54
Chevrolet,Express 3500,Nuevo Amanecer,148
Lexus,RX Hybrid,Fāraskūr,207
Chrysler,Imperial,Trawniki,219
Dodge,Ram Van 2500,Lindavista,33
Mazda,Tribute,Ashton,210
Jeep,Cherokee,Neyrīz,44
Saab,9-2X,Saumur,105
Pontiac,Firebird,Silva Jardim,29
Infiniti,FX,Yinping,47
Suzuki,Swift,Hamm,56
GMC,Yukon,Kalibo (poblacion),226
Mercedes-Benz,S-Class,Giade,124
Ford,Taurus,Pameungpeuk,221
Chrysler,Voyager,Panjakent,38
Porsche,Panamera,Pondokunyur,114
Maybach,57S,Fortaleza,213
Ford,Econoline E350,‘Afula ‘Illit,172
Scion,xA,António Enes,149
Eagle,Talon,Atlanta,87
Mazda,B-Series,Gémeos,54
Dodge,Neon,Palmeira,110
Audi,A3,Davila,176
Cadillac,Fleetwood,Goubétto,155
Honda,Element,Jardim,213
Lexus,LS Hybrid,Los Algarrobos,52
GMC,Savana 3500,Asheville,96
Nissan,Leaf,Baffa,27
Toyota,Celica,Rasony,73
Pontiac,Bonneville,Chengdong,127
Mercury,Lynx,Shanjiang,29
Ford,Probe,Mionica,234
Hyundai,Elantra,Ciénega,192
Chevrolet,Blazer,Lazaro Cardenas,236
Dodge,Caravan,Towa,205
Hyundai,Azera,Zürich,30
Ford,E250,Novyy Svit,93
GMC,Envoy,Kantharalak,149
BMW,X6,Avignon,196
Mitsubishi,Eclipse,Ta Khmau,104
Ford,F-Series,San Rafael,175
Lexus,RX,Sousse,51
Mercedes-Benz,SLK-Class,Puerto Varas,171
Ford,Bronco,Grängesberg,78
Spyker,C8,Pringgabaya,18
Nissan,Pathfinder,Mora,226
Chrysler,LeBaron,Golubac,234
Mazda,MX-5,Jeremoabo,206
Audi,A3,Altavista,16
Dodge,Ram Van 3500,Baabda,149
Land Rover,Range Rover Sport,Moscow,65
Ford,Expedition,Miejska Górka,149
Toyota,Sequoia,Tawa,83
Lexus,LS,Singosari,225
Dodge,Ram 1500,Smiřice,160
Nissan,Murano,Soanindrariny,27
Cadillac,Escalade ESV,Koronadal,41
Dodge,Avenger,Kadubadak,206
Dodge,Dakota,Phumĭ Véal Srê,21
BMW,Z3,Ōmamachō-ōmama,167
Nissan,Pathfinder,Bendungan,51
Buick,Roadmaster,Sedayu,67
Hummer,H3,Krasnoye,76
GMC,Sierra 1500,Lae,44
Hyundai,Veracruz,Bāqim as Sūq,122
GMC,Envoy,Požarevac,115
Mercury,Sable,Bradag,23
Saturn,S-Series,Tanay,53
Dodge,Intrepid,Itambé,243
Dodge,Stratus,Bandeirantes,203
Mazda,B-Series,Graneros,118
Ford,EXP,Senlis,191
Infiniti,J,Damatulan,23
Nissan,Sentra,Sandakan,24
Chrysler,Concorde,Hesi,57
Dodge,Caravan,Potchefstroom,79
GMC,Savana 2500,Vrilissia,15
Toyota,Avalon,Telagasari,79
Hummer,H1,Kalmar,37
Chevrolet,Camaro,Nowosielce-Gniewosz,51
Buick,Regal,Gjoa Haven,175
Jeep,Cherokee,Gelemso,232
GMC,Sierra,Cilangla,103
Chevrolet,Suburban 2500,Radamata,166
Mazda,Miata MX-5,Tohautu,219
Ferrari,458 Italia,Tuchoměřice,211
Ford,Bronco,Margahayukencana,175
GMC,Savana,Sastöbe,100
Lincoln,Town Car,Negara,17
Toyota,MR2,New Haven,24
Jeep,Wrangler,Banyubang,57
Hyundai,Scoupe,Maredakalada,178
Toyota,Prius c,Pantano do Sul,47
Cadillac,Escalade ESV,T’ongch’ŏn-ŭp,95
Volvo,S80,Neryungri,142
Chevrolet,Suburban,Cazin,82
Dodge,Avenger,Smokvica,16
Ford,Mustang,Almirante Tamandaré,91
Hyundai,Elantra,Sekartaji,116
Dodge,Grand Caravan,Pancheng,158
Ford,F150,Tysmenytsya,123
Ford,E150,La Paz,30
Chrysler,LeBaron,Wingham,188
Pontiac,Vibe,Katipunan,218
Geo,Prizm,Rousínov,18
Subaru,Tribeca,Qingminghe,199
Porsche,968,Siak Sri Indrapura,220
Subaru,Baja,Tasböget,144
Porsche,944,Currais,72
Mitsubishi,Outlander,Cerro Azul,198
Chevrolet,Camaro,Próti,175
Hyundai,Sonata,Rancharia,249
Toyota,4Runner,Heqian,213
Lincoln,Town Car,Catujal Velho,135
Nissan,Quest,Tha Bo,176
Lamborghini,Murciélago LP640,Jamao al Norte,171
Dodge,Ram 2500,Konstantinovo,240
Suzuki,Esteem,Changtang,116
Volvo,C30,Akunk’,126
Austin,Mini Cooper,Suvorovskaya,82
Ford,Explorer,Angoulême,204
Pontiac,Grand Prix,Muaratiga,209
Subaru,Leone,São Marcos,87
Toyota,Sequoia,Wilczyce,89
Toyota,Highlander,Lesogorsk,26
Land Rover,Discovery,Masaya,118
Dodge,Dakota,Nkurenkuru,181
Ford,Expedition EL,Pleven,144
Ford,Escort,Shuinan,232
Ram,Dakota,Złotów,176
Saab,9000,Suyang,133
GMC,Yukon,Kuloy,243
Pontiac,Vibe,Bulakbanjar,200
Pontiac,Firefly,Arevashogh,71
Chrysler,Concorde,Ćuprija,60
Porsche,911,San Luis,117
Renault,Alliance,Morcellemont Saint André,177
Mitsubishi,Mirage,Bouarouss,141
Infiniti,EX,Kvasiny,147
Oldsmobile,Achieva,Wucheng,153
Buick,Electra,Welisara,88
Honda,Accord,Néa Karyá,106
Mazda,RX-8,Loncoche,159
Subaru,Forester,Igbo-Ukwu,17
GMC,Safari,Bekasi,22
Chevrolet,Traverse,Namwala,26
Mercedes-Benz,CL-Class,Mykolayiv,123
Jaguar,XK Series,Voskresensk,247
Toyota,Sequoia,Daitou,84
Cadillac,DeVille,El Retiro,140
Dodge,Nitro,Vân Canh,219
Ford,Bronco II,San José de los Remates,222
Saturn,Relay,Pereleshino,210
Mitsubishi,Precis,Huangcun,23
Pontiac,Grand Am,Lakki Marwat,156
Infiniti,QX,Semīrom,236
Mercedes-Benz,Sprinter,Villa Nueva,110
Mitsubishi,Endeavor,Morcolla,22
GMC,Savana 3500,Stockholm,122
Ford,Mustang,Novosemeykino,98
Suzuki,SJ,Knoxville,42
Acura,RDX,Slawharad,203
Mazda,Mazda5,Liběšice,80
Lexus,GX,Mikhaylovsk,146
Chevrolet,Silverado 1500,Marttila,15
Toyota,Echo,Obolo-Eke (1),153
BMW,5 Series,Łagów,162
Nissan,Pathfinder,Zilang,205
Audi,R8,Afanas’yeva,163
Chevrolet,Camaro,Chinú,146
Hyundai,Genesis Coupe,Kołczygłowy,229
BMW,M5,Belanting,65
Nissan,Sentra,Baorixile,103
Aston Martin,V8 Vantage S,San Cristóbal,116
Toyota,Corolla,Cipadung,128
Chevrolet,Suburban 2500,Porecatu,32
Ford,Expedition,Mamer,30
Ford,Galaxie,Pameče,89
Oldsmobile,98,Morani,39
Volkswagen,Vanagon,Isnos,111
Maybach,57,Manta,70
Ford,F-Series,Kivertsi,214
Subaru,Forester,Rashaant,206
Chevrolet,Silverado 3500,Huixian Chengguanzhen,219
GMC,Safari,Río Pico,198
Ford,Mustang,Xinjiezi,65
Saab,9000,Sevilla,123
Mitsubishi,Lancer Evolution,Jiancha,241
Volkswagen,Fox,Richard-Toll,125
Ford,E-350 Super Duty,Huanggexi,169
Lamborghini,Countach,Stockholm,139
Toyota,Paseo,Hofors,240
Kia,Sedona,Gotemba,93
Cadillac,Catera,Las Vegas,69
BMW,X6,Mburukullu,165
Lamborghini,Murciélago,Shikārpur,86
Lincoln,Mark LT,Sukowidodo Barat,77
Pontiac,Turbo Firefly,Mirecourt,215
Porsche,Cayenne,Mondragon,216
Nissan,Pathfinder,Vazante,21
Acura,MDX,Xingbin,98
Dodge,Ram 3500,Kafr ash Shaykh,57
Subaru,Forester,Dongjian,236
Citroën,SM,Xinqiaohe,156
Ford,Ranger,Raub,17
Honda,Prelude,Shiḩan as Suflá,84
Chevrolet,Cavalier,Viña del Mar,32
Daihatsu,Charade,Kamālia,48
Toyota,Matrix,Yuelai,60
Chevrolet,Impala SS,Saint-Cloud,168
BMW,550,Palaran,170
Infiniti,QX,Greenland,21
Mitsubishi,Expo,Xiluodu,27
Audi,S4,Famatina,220
Austin,Mini Cooper,Huangshan,118
Chevrolet,Avalanche,Chengfeng,190
Land Rover,LR3,Makīnsk,41
BMW,M Roadster,Santiago de Baney,173
Volvo,S60,Pepayan,108
Mitsubishi,Galant,Barberton,79
Volkswagen,Golf,Gobernador Ingeniero Valentín Virasoro,114
Mercedes-Benz,W123,Stąporków,221
Mercedes-Benz,CL-Class,Longping,119
Plymouth,Sundance,San Ramón,143
Chevrolet,Suburban 2500,Shenkou,78
Hyundai,Entourage,Henglian,239
Mercedes-Benz,CL-Class,Huochezhan,37
Cadillac,DeVille,Ketara,242
GMC,Sierra 3500,Yên Lạc,249
Dodge,Ram Van 2500,Bangbayang Kaler,73
Lincoln,MKT,Kiyawa,164
Ford,Bronco,Pitogo,196
Ford,F350,Höllviken,220
Ford,C-MAX Hybrid,Lamongan,139
Dodge,Challenger,Yabēlo,72
Kia,Sephia,Yunlu,214
Pontiac,6000,Calingcing,145
Toyota,Previa,Cabeças Verdes,157
Hyundai,Elantra,Xiabuji,230
Buick,Riviera,Tubod,221
Jaguar,XJ Series,Zaïo,25
Ford,F150,Bogi,210
Lexus,CT,Pukkila,87
Jeep,Grand Cherokee,Zaragoza,65
Pontiac,G6,Yinkeng,240
Mitsubishi,Mirage,Changlong,122
Pontiac,Grand Am,Huitán,160
Mazda,B-Series,Bukitkemuning,58
Buick,Electra,Arbais,196
Mercedes-Benz,GL-Class,Sorren Daya,33
Mitsubishi,Outlander,Itapetininga,214
Maserati,Biturbo,Markópoulo,117
Mitsubishi,Lancer,Urukh,25
Suzuki,XL-7,Kebonsari Kidul,136
Tesla,Roadster,Visby,118
Honda,Insight,Saskatoon,121
Mazda,626,Non Sung,79
Chevrolet,Express 2500,České Meziříčí,137
Honda,Civic,Yŏnmu,193
Scion,tC,Luboń,59
Hyundai,Excel,Damai,180
Toyota,Sequoia,Juren,235
Plymouth,Grand Voyager,Villa Ascasubi,163
Chevrolet,G-Series 1500,Ambanja,234
Subaru,Impreza,Abū Mūsā,173
Kia,Optima,Bourg-lès-Valence,124
Rolls-Royce,Phantom,Kashira,195
Mazda,Mazda5,Lakatoro,78
Mercedes-Benz,W201,Sapang Buho,40
Subaru,Forester,Linköping,120
Cadillac,Eldorado,Saint-Joseph-de-Coleraine,159
Lincoln,Aviator,Tougan,226
Hyundai,Accent,Eixo,171
Ford,Thunderbird,Tsu-shi,243
Maserati,Coupe,Krasnokholm,203
Chevrolet,Monte Carlo,Longhua,84
Porsche,911,Zheleznovodsk,65
Mazda,Millenia,Bralin,38
Chevrolet,Impala,Fenkeng,178
Toyota,4Runner,Lidong,105
Toyota,MR2,Bastak,141
Mercedes-Benz,R-Class,Thị Trấn Quế,99
Lexus,GS,Jishi,138
Volkswagen,CC,Al Nashmah,162
Mazda,MX-5,Ledeunu,26
Lotus,Esprit,Veřovice,47
Lincoln,Town Car,Göteborg,198
Mitsubishi,Montero Sport,Lumbangan,246
Jaguar,S-Type,Lebedyn,90
Acura,NSX,Martil,133
